<?xml version="1.0" encoding="UTF-8"?>
<project-private xmlns="http://www.netbeans.org/ns/project-private/1">
    <editor-bookmarks xmlns="http://www.netbeans.org/ns/editor-bookmarks/2" lastBookmarkId="0"/>
    <open-files xmlns="http://www.netbeans.org/ns/projectui-open-files/2">
        <group>
            <file>file:/E:/project/hackathon/TrackLocationCore/src/com/vz/db/tables/Device.java</file>
            <file>file:/E:/project/hackathon/TrackLocationCore/src/com/vz/db/GoogleKML.java</file>
            <file>file:/E:/project/hackathon/TrackLocationCore/src/com/vz/db/USState.java</file>
            <file>file:/E:/project/hackathon/TrackLocationCore/src/com/vz/db/tables/EventData.java</file>
            <file>file:/E:/project/hackathon/TrackLocationCore/src/com/vz/db/EventUtil.java</file>
            <file>file:/E:/project/hackathon/TrackLocationCore/src/com/vz/db/TrackStick.java</file>
        </group>
    </open-files>
</project-private>
